<?xml version="1.0" encoding="UTF-8"?> 
<?xml-stylesheet type="text/css" href="styleAdmin.css"?>

<administrators>
<administrator>
<administratorid>
1
</administratorid>
<username>
sysadmin
</username>
<passcode>
super
</passcode>
<cookie>
null
</cookie>
<name>
System Administrator
</name>
</administrator>
<administrator>
<administratorid>
2
</administratorid>
<username>
cadmin
</username>
<passcode>
csecure
</passcode>
<cookie>
39c82c3234a3274ab37ca235a17d
</cookie>
<name>
Computer Administrator
</name>
</administrator>
</administrators>
