<?xml version="1.0" encoding="UTF-8"?> 
<?xml-stylesheet type="text/css" href="styleAnnouncement.css"?>

<announcements>
<announcement>
<ID>
1
</ID>
<courseid>
1
</courseid>
<TIMESTAMP>
2019-01-01 12:00:00.0
</TIMESTAMP>
<message>
Aloooooooiii
</message>
</announcement>
<announcement>
<ID>
2
</ID>
<courseid>
2
</courseid>
<TIMESTAMP>
2019-04-01 12:00:00.0
</TIMESTAMP>
<message>
Please finish your notes
</message>
</announcement>
<announcement>
<ID>
3
</ID>
<courseid>
3
</courseid>
<TIMESTAMP>
2019-06-10 12:00:00.0
</TIMESTAMP>
<message>
Please be on time to class
</message>
</announcement>
<announcement>
<ID>
4
</ID>
<courseid>
67
</courseid>
<TIMESTAMP>
2019-01-01 12:00:00.0
</TIMESTAMP>
<message>
Course Materials Uploaded
</message>
</announcement>
</announcements>
