<?xml version="1.0" encoding="UTF-8"?> 
<?xml-stylesheet type="text/css" href="styleStudent.css"?>

<students>
<student>
<studentid>
1
</studentid>
<name>
Niranjan Kumar K S
</name>
<dob>
1998-08-26 00:00:00.0
</dob>
<class>
1
</class>
<email>
ninju26@gmail.com
</email>
<username>
ninju26
</username>
<passcode>
ninjudon
</passcode>
<cookie>
933e755a2162c0420b8b32b0d7f7
</cookie>
</student>
<student>
<studentid>
2
</studentid>
<name>
Akshaya
</name>
<dob>
1998-08-26 00:00:00.0
</dob>
<class>
2
</class>
<email>
akshaya@gmail.com
</email>
<username>
aksh1
</username>
<passcode>
akshaya123
</passcode>
<cookie>

</cookie>
</student>
<student>
<studentid>
3
</studentid>
<name>
Uma
</name>
<dob>
1998-02-26 00:00:00.0
</dob>
<class>
3
</class>
<email>
uma@gmail.com
</email>
<username>
uma
</username>
<passcode>
uma@genius
</passcode>
<cookie>
null
</cookie>
</student>
</students>
