<?xml version="1.0" encoding="UTF-8"?> 
<?xml-stylesheet type="text/css" href="styleTeacher.css"?>


<teachers>
<teacher>
<teacherid>
1
</teacherid>
<name>
Abhilash
</name>
<dob>
1998-12-22 00:00:00.0
</dob>
<email>
abhilash.venky@gmail.com
</email>
<cookie>
a64d8562cc43fb17def2b7331e87
</cookie>
<username>
abhi
</username>
<passcode>
lash
</passcode>
</teacher>
<teacher>
<teacherid>
2
</teacherid>
<name>
Surya
</name>
<dob>
1998-08-26 00:00:00.0
</dob>
<email>
surya.don
</email>
<cookie>
null
</cookie>
<username>
surya1
</username>
<passcode>
suurya
</passcode>
</teacher>
</teachers>
